timestamp,label,metric,value
2026-03-18 08:10:18,ecdsa-test,peer1_block_height,N/A
2026-03-18 08:10:18,ecdsa-test,peer2_block_height,N/A
2026-03-18 08:10:18,ecdsa-test,peer1_block_processing_s,N/A
2026-03-18 08:10:18,ecdsa-test,peer2_block_processing_s,N/A
2026-03-18 08:10:18,ecdsa-test,peer1_block_count,N/A
2026-03-18 08:10:18,ecdsa-test,peer2_block_count,N/A
2026-03-18 08:10:18,ecdsa-test,gossip_buffer,N/A
2026-03-18 08:11:33,ecdsa-test,peer1_block_height,6
2026-03-18 08:11:33,ecdsa-test,peer2_block_height,6
2026-03-18 08:11:33,ecdsa-test,peer1_block_count,6
2026-03-18 08:11:33,ecdsa-test,peer2_block_count,6
2026-03-18 08:11:33,ecdsa-test,peer1_block_processing_s,NaN
2026-03-18 08:11:33,ecdsa-test,peer2_block_processing_s,NaN
2026-03-18 10:25:18,ecdsa-write-prometheus,peer1_block_height,31610
2026-03-18 10:25:18,ecdsa-write-prometheus,peer2_block_height,31610
2026-03-18 10:25:18,ecdsa-write-prometheus,peer1_block_count,31610
2026-03-18 10:25:18,ecdsa-write-prometheus,peer2_block_count,31610
2026-03-18 10:25:18,ecdsa-write-prometheus,peer1_block_processing_s,NaN
2026-03-18 10:25:18,ecdsa-write-prometheus,peer2_block_processing_s,NaN
2026-03-18 11:50:32,ecdsa-mixed-prometheus,peer1_block_height,60206
2026-03-18 11:50:32,ecdsa-mixed-prometheus,peer2_block_height,60206
2026-03-18 11:50:32,ecdsa-mixed-prometheus,peer1_block_count,60206
2026-03-18 11:50:32,ecdsa-mixed-prometheus,peer2_block_count,60206
2026-03-18 11:50:32,ecdsa-mixed-prometheus,peer1_block_processing_s,NaN
2026-03-18 11:50:32,ecdsa-mixed-prometheus,peer2_block_processing_s,NaN
2026-03-18 11:52:24,ecdsa-mixed-30m-test,peer1_block_height,60206
2026-03-18 11:52:24,ecdsa-mixed-30m-test,peer2_block_height,60206
2026-03-18 11:52:24,ecdsa-mixed-30m-test,peer1_block_count,60206
2026-03-18 11:52:24,ecdsa-mixed-30m-test,peer2_block_count,60206
2026-03-18 11:52:24,ecdsa-mixed-30m-test,peer1_avg_block_proc_s,0.0011334761221238965
2026-03-18 11:52:24,ecdsa-mixed-30m-test,peer2_avg_block_proc_s,0.0011072380941371646
2026-03-18 11:52:24,ecdsa-mixed-30m-test,peer1_blocks_per_sec,5.036130335498758
2026-03-18 11:52:24,ecdsa-mixed-30m-test,peer2_blocks_per_sec,5.036135946701638
2026-03-19 12:50:16,mldsa65-write-run1,peer1_block_height,32962
2026-03-19 12:50:16,mldsa65-write-run1,peer2_block_height,32962
2026-03-19 12:50:16,mldsa65-write-run1,peer1_block_count,32962
2026-03-19 12:50:16,mldsa65-write-run1,peer2_block_count,32962
2026-03-19 12:50:16,mldsa65-write-run1,peer1_avg_block_proc_s,0.0010036756891346912
2026-03-19 12:50:16,mldsa65-write-run1,peer2_avg_block_proc_s,0.0010012974590489529
2026-03-19 12:50:16,mldsa65-write-run1,peer1_blocks_per_sec,18.23353950618797
2026-03-19 12:50:16,mldsa65-write-run1,peer2_blocks_per_sec,18.230206921372552
2026-03-19 17:59:18,mldsa65-write-run2,peer1_block_height,33683
2026-03-19 17:59:18,mldsa65-write-run2,peer2_block_height,33683
2026-03-19 17:59:18,mldsa65-write-run2,peer1_block_count,33683
2026-03-19 17:59:18,mldsa65-write-run2,peer2_block_count,33683
2026-03-19 17:59:18,mldsa65-write-run2,peer1_avg_block_proc_s,NaN
2026-03-19 17:59:18,mldsa65-write-run2,peer2_avg_block_proc_s,NaN
2026-03-19 17:59:18,mldsa65-write-run2,peer1_blocks_per_sec,0
2026-03-19 17:59:18,mldsa65-write-run2,peer2_blocks_per_sec,0
2026-03-19 18:32:42,mldsa65-write-run2,peer1_block_height,31666
2026-03-19 18:32:42,mldsa65-write-run2,peer2_block_height,31666
2026-03-19 18:32:42,mldsa65-write-run2,peer1_block_count,31666
2026-03-19 18:32:42,mldsa65-write-run2,peer2_block_count,31666
2026-03-19 18:32:42,mldsa65-write-run2,peer1_avg_block_proc_s,0.0010392774110356711
2026-03-19 18:32:42,mldsa65-write-run2,peer2_avg_block_proc_s,0.0010514160567946247
2026-03-19 18:32:42,mldsa65-write-run2,peer1_blocks_per_sec,17.631793710589513
2026-03-19 18:32:42,mldsa65-write-run2,peer2_blocks_per_sec,17.61007739098688
2026-03-19 19:27:50,mldsa65-write-run3,peer1_block_height,32042
2026-03-19 19:27:50,mldsa65-write-run3,peer2_block_height,32042
2026-03-19 19:27:50,mldsa65-write-run3,peer1_block_count,32042
2026-03-19 19:27:50,mldsa65-write-run3,peer2_block_count,32042
2026-03-19 19:27:50,mldsa65-write-run3,peer1_avg_block_proc_s,0.0010307913022450975
2026-03-19 19:27:50,mldsa65-write-run3,peer2_avg_block_proc_s,0.0010373584280017236
2026-03-19 19:27:50,mldsa65-write-run3,peer1_blocks_per_sec,17.82969998445645
2026-03-19 19:27:50,mldsa65-write-run3,peer2_blocks_per_sec,17.807755074046035
2026-03-20 00:22:13,mldsa65-mixed-run1,peer1_block_height,59810
2026-03-20 00:22:13,mldsa65-mixed-run1,peer2_block_height,59810
2026-03-20 00:22:13,mldsa65-mixed-run1,peer1_block_count,59810
2026-03-20 00:22:13,mldsa65-mixed-run1,peer2_block_count,59810
2026-03-20 00:22:13,mldsa65-mixed-run1,peer1_avg_block_proc_s,0.0010706771904340578
2026-03-20 00:22:13,mldsa65-mixed-run1,peer2_avg_block_proc_s,0.0010612219708910344
2026-03-20 00:22:13,mldsa65-mixed-run1,peer1_blocks_per_sec,9.44623429179148
2026-03-20 00:22:13,mldsa65-mixed-run1,peer2_blocks_per_sec,9.416145497330922
2026-03-20 01:41:25,mldsa65-mixed-run2,peer1_block_height,87837
2026-03-20 01:41:25,mldsa65-mixed-run2,peer2_block_height,87837
2026-03-20 01:41:25,mldsa65-mixed-run2,peer1_block_count,87837
2026-03-20 01:41:25,mldsa65-mixed-run2,peer2_block_count,87837
2026-03-20 01:41:25,mldsa65-mixed-run2,peer1_avg_block_proc_s,0.0010788759156246193
2026-03-20 01:41:25,mldsa65-mixed-run2,peer2_avg_block_proc_s,0.0010704866945560284
2026-03-20 01:41:25,mldsa65-mixed-run2,peer1_blocks_per_sec,9.53421403458144
2026-03-20 01:41:25,mldsa65-mixed-run2,peer2_blocks_per_sec,9.568175829367252
2026-03-20 03:01:27,mldsa65-mixed-run3,peer1_block_height,115899
2026-03-20 03:01:27,mldsa65-mixed-run3,peer2_block_height,115899
2026-03-20 03:01:27,mldsa65-mixed-run3,peer1_block_count,115899
2026-03-20 03:01:27,mldsa65-mixed-run3,peer2_block_count,115899
2026-03-20 03:01:27,mldsa65-mixed-run3,peer1_avg_block_proc_s,0.001071404652817411
2026-03-20 03:01:27,mldsa65-mixed-run3,peer2_avg_block_proc_s,0.001058119464983006
2026-03-20 03:01:27,mldsa65-mixed-run3,peer1_blocks_per_sec,9.560301878467568
2026-03-20 03:01:27,mldsa65-mixed-run3,peer2_blocks_per_sec,9.529661670827236
2026-03-20 08:59:57,mldsa44-write-run1,peer1_block_height,32278
2026-03-20 08:59:57,mldsa44-write-run1,peer2_block_height,32278
2026-03-20 08:59:57,mldsa44-write-run1,peer1_block_count,32278
2026-03-20 08:59:57,mldsa44-write-run1,peer2_block_count,32278
2026-03-20 08:59:57,mldsa44-write-run1,peer1_avg_block_proc_s,0.0010368917151439552
2026-03-20 08:59:57,mldsa44-write-run1,peer2_avg_block_proc_s,0.0010413435074980127
2026-03-20 08:59:57,mldsa44-write-run1,peer1_blocks_per_sec,17.972438655146757
2026-03-20 08:59:57,mldsa44-write-run1,peer2_blocks_per_sec,17.950332602970406
2026-03-20 09:57:24,mldsa44-write-run2,peer1_block_height,32128
2026-03-20 09:57:24,mldsa44-write-run2,peer2_block_height,32128
2026-03-20 09:57:24,mldsa44-write-run2,peer1_block_count,32128
2026-03-20 09:57:24,mldsa44-write-run2,peer2_block_count,32128
2026-03-20 09:57:24,mldsa44-write-run2,peer1_avg_block_proc_s,0.0010584501029652425
2026-03-20 09:57:24,mldsa44-write-run2,peer2_avg_block_proc_s,0.0010538679878879776
2026-03-20 09:57:24,mldsa44-write-run2,peer1_blocks_per_sec,17.86217242944966
2026-03-20 09:57:24,mldsa44-write-run2,peer2_blocks_per_sec,17.88987298633763
2026-03-20 10:49:54,mldsa44-write-run3,peer1_block_height,31662
2026-03-20 10:49:54,mldsa44-write-run3,peer2_block_height,31662
2026-03-20 10:49:54,mldsa44-write-run3,peer1_block_count,31662
2026-03-20 10:49:54,mldsa44-write-run3,peer2_block_count,31662
2026-03-20 10:49:54,mldsa44-write-run3,peer1_avg_block_proc_s,0.001030527850346086
2026-03-20 10:49:54,mldsa44-write-run3,peer2_avg_block_proc_s,0.0010329161639781002
2026-03-20 10:49:54,mldsa44-write-run3,peer1_blocks_per_sec,17.60042563092921
2026-03-20 10:49:54,mldsa44-write-run3,peer2_blocks_per_sec,17.62772432244121
2026-03-20 15:28:51,mldsa44-mixed-run1,peer1_block_height,6
2026-03-20 15:28:51,mldsa44-mixed-run1,peer2_block_height,6
2026-03-20 15:28:51,mldsa44-mixed-run1,peer1_block_count,6
2026-03-20 15:28:51,mldsa44-mixed-run1,peer2_block_count,6
2026-03-20 15:28:51,mldsa44-mixed-run1,peer1_avg_block_proc_s,0.03390793311485846
2026-03-20 15:28:51,mldsa44-mixed-run1,peer2_avg_block_proc_s,0.05958477293731698
2026-03-20 15:28:51,mldsa44-mixed-run1,peer1_blocks_per_sec,0.002825628333064858
2026-03-20 15:28:51,mldsa44-mixed-run1,peer2_blocks_per_sec,0.0016832622854609288
2026-03-20 19:45:05,mldsa44-mixed-run1,peer1_block_height,28530
2026-03-20 19:45:05,mldsa44-mixed-run1,peer2_block_height,28530
2026-03-20 19:45:05,mldsa44-mixed-run1,peer1_block_count,28530
2026-03-20 19:45:05,mldsa44-mixed-run1,peer2_block_count,28530
2026-03-20 19:45:05,mldsa44-mixed-run1,peer1_avg_block_proc_s,0.0010410979118719301
2026-03-20 19:45:05,mldsa44-mixed-run1,peer2_avg_block_proc_s,0.0010308970412669508
2026-03-20 19:45:05,mldsa44-mixed-run1,peer1_blocks_per_sec,9.779174714309828
2026-03-20 19:45:05,mldsa44-mixed-run1,peer2_blocks_per_sec,9.814260509927072
2026-03-20 21:01:50,mldsa44-mixed-run2,peer1_block_height,57114
2026-03-20 21:01:50,mldsa44-mixed-run2,peer2_block_height,57114
2026-03-20 21:01:50,mldsa44-mixed-run2,peer1_block_count,57114
2026-03-20 21:01:50,mldsa44-mixed-run2,peer2_block_count,57114
2026-03-20 21:01:50,mldsa44-mixed-run2,peer1_avg_block_proc_s,0.0010420806474611037
2026-03-20 21:01:50,mldsa44-mixed-run2,peer2_avg_block_proc_s,0.001038881819647907
2026-03-20 21:01:50,mldsa44-mixed-run2,peer1_blocks_per_sec,9.775618169825112
2026-03-20 21:01:50,mldsa44-mixed-run2,peer2_blocks_per_sec,9.744430838552539
2026-03-21 01:16:04,mldsa44-mixed-run3,peer1_block_height,85541
2026-03-21 01:16:04,mldsa44-mixed-run3,peer2_block_height,85541
2026-03-21 01:16:04,mldsa44-mixed-run3,peer1_block_count,85541
2026-03-21 01:16:04,mldsa44-mixed-run3,peer2_block_count,85541
2026-03-21 01:16:04,mldsa44-mixed-run3,peer1_avg_block_proc_s,0.0010621429685302762
2026-03-21 01:16:04,mldsa44-mixed-run3,peer2_avg_block_proc_s,0.0010477936865525917
2026-03-21 01:16:04,mldsa44-mixed-run3,peer1_blocks_per_sec,9.665302011441266
2026-03-21 01:16:04,mldsa44-mixed-run3,peer2_blocks_per_sec,9.702085368992323
2026-03-21 01:51:15,fndsa512-write-run1,peer1_block_height,33008
2026-03-21 01:51:15,fndsa512-write-run1,peer2_block_height,33008
2026-03-21 01:51:15,fndsa512-write-run1,peer1_block_count,33008
2026-03-21 01:51:15,fndsa512-write-run1,peer2_block_count,33008
2026-03-21 01:51:15,fndsa512-write-run1,peer1_avg_block_proc_s,0.0010161070414331306
2026-03-21 01:51:15,fndsa512-write-run1,peer2_avg_block_proc_s,0.0010173983152803093
2026-03-21 01:51:15,fndsa512-write-run1,peer1_blocks_per_sec,18.354878385317285
2026-03-21 01:51:15,fndsa512-write-run1,peer2_blocks_per_sec,18.383328295422565
2026-03-21 20:32:31,fndsa512-write-run2,peer1_block_height,32581
2026-03-21 20:32:31,fndsa512-write-run2,peer2_block_height,32581
2026-03-21 20:32:31,fndsa512-write-run2,peer1_block_count,32581
2026-03-21 20:32:31,fndsa512-write-run2,peer2_block_count,32581
2026-03-21 20:32:31,fndsa512-write-run2,peer1_avg_block_proc_s,0.0010267414511842129
2026-03-21 20:32:31,fndsa512-write-run2,peer2_avg_block_proc_s,0.0010251182977860506
2026-03-21 20:32:31,fndsa512-write-run2,peer1_blocks_per_sec,18.106796996771475
2026-03-21 20:32:31,fndsa512-write-run2,peer2_blocks_per_sec,18.134888542922297
2026-03-21 21:13:38,fndsa512-write-run3,peer1_block_height,32561
2026-03-21 21:13:38,fndsa512-write-run3,peer2_block_height,32561
2026-03-21 21:13:38,fndsa512-write-run3,peer1_block_count,32561
2026-03-21 21:13:38,fndsa512-write-run3,peer2_block_count,32561
2026-03-21 21:13:38,fndsa512-write-run3,peer1_avg_block_proc_s,0.0010272660384473143
2026-03-21 21:13:38,fndsa512-write-run3,peer2_avg_block_proc_s,0.0010247373019841514
2026-03-21 21:13:38,fndsa512-write-run3,peer1_blocks_per_sec,18.114980936922347
2026-03-21 21:13:38,fndsa512-write-run3,peer2_blocks_per_sec,18.092639025389783
2026-03-21 23:24:11,fndsa512-mixed-run1,peer1_block_height,60952
2026-03-21 23:24:11,fndsa512-mixed-run1,peer2_block_height,60952
2026-03-21 23:24:11,fndsa512-mixed-run1,peer1_block_count,60952
2026-03-21 23:24:11,fndsa512-mixed-run1,peer2_block_count,60952
2026-03-21 23:24:11,fndsa512-mixed-run1,peer1_avg_block_proc_s,0.0010676204181357578
2026-03-21 23:24:11,fndsa512-mixed-run1,peer2_avg_block_proc_s,0.0010570203860283357
2026-03-21 23:24:11,fndsa512-mixed-run1,peer1_blocks_per_sec,9.670308120596397
2026-03-21 23:24:11,fndsa512-mixed-run1,peer2_blocks_per_sec,9.705416838210182
2026-03-22 00:37:12,fndsa512-mixed-run2,peer1_block_height,89363
2026-03-22 00:37:12,fndsa512-mixed-run2,peer2_block_height,89363
2026-03-22 00:37:12,fndsa512-mixed-run2,peer1_block_count,89363
2026-03-22 00:37:12,fndsa512-mixed-run2,peer2_block_count,89363
2026-03-22 00:37:12,fndsa512-mixed-run2,peer1_avg_block_proc_s,0.0010725684743060594
2026-03-22 00:37:12,fndsa512-mixed-run2,peer2_avg_block_proc_s,0.0010393758908509227
2026-03-22 00:37:12,fndsa512-mixed-run2,peer1_blocks_per_sec,9.713529973448793
2026-03-22 00:37:12,fndsa512-mixed-run2,peer2_blocks_per_sec,9.74863246725247
2026-03-22 01:50:16,fndsa512-mixed-run3,peer1_block_height,117879
2026-03-22 01:50:16,fndsa512-mixed-run3,peer2_block_height,117879
2026-03-22 01:50:16,fndsa512-mixed-run3,peer1_block_count,117879
2026-03-22 01:50:16,fndsa512-mixed-run3,peer2_block_count,117879
2026-03-22 01:50:16,fndsa512-mixed-run3,peer1_avg_block_proc_s,0.0010589073582447709
2026-03-22 01:50:16,fndsa512-mixed-run3,peer2_avg_block_proc_s,0.001050361118850355
2026-03-22 01:50:16,fndsa512-mixed-run3,peer1_blocks_per_sec,9.713086510815314
2026-03-22 01:50:16,fndsa512-mixed-run3,peer2_blocks_per_sec,9.749844429229368
2026-03-22 03:48:15,fndsa512-mixed-run3,peer1_block_height,146364
2026-03-22 03:48:15,fndsa512-mixed-run3,peer2_block_height,146364
2026-03-22 03:48:15,fndsa512-mixed-run3,peer1_block_count,146364
2026-03-22 03:48:15,fndsa512-mixed-run3,peer2_block_count,146364
2026-03-22 03:48:15,fndsa512-mixed-run3,peer1_avg_block_proc_s,0.0010564090780267397
2026-03-22 03:48:15,fndsa512-mixed-run3,peer2_avg_block_proc_s,0.0010406881330351204
2026-03-22 03:48:15,fndsa512-mixed-run3,peer1_blocks_per_sec,9.67856597659806
2026-03-22 03:48:15,fndsa512-mixed-run3,peer2_blocks_per_sec,9.715883260088606
2026-03-22 16:30:43,fndsa512-mixed-run3,peer1_block_height,174743
2026-03-22 16:30:43,fndsa512-mixed-run3,peer2_block_height,174743
2026-03-22 16:30:43,fndsa512-mixed-run3,peer1_block_count,174743
2026-03-22 16:30:43,fndsa512-mixed-run3,peer2_block_count,174743
2026-03-22 16:30:43,fndsa512-mixed-run3,peer1_avg_block_proc_s,0.0010567411993437639
2026-03-22 16:30:43,fndsa512-mixed-run3,peer2_avg_block_proc_s,0.0010435328346710881
2026-03-22 16:30:43,fndsa512-mixed-run3,peer1_blocks_per_sec,9.677541552373038
2026-03-22 16:30:43,fndsa512-mixed-run3,peer2_blocks_per_sec,9.64690231766313
2026-03-27 20:54:48,mldsa44-write-run1,peer1_block_height,N/A
2026-03-27 20:54:48,mldsa44-write-run1,peer2_block_height,N/A
2026-03-27 20:54:48,mldsa44-write-run1,peer1_block_count,N/A
2026-03-27 20:54:48,mldsa44-write-run1,peer2_block_count,N/A
2026-03-27 20:54:48,mldsa44-write-run1,peer1_avg_block_proc_s,N/A
2026-03-27 20:54:48,mldsa44-write-run1,peer2_avg_block_proc_s,N/A
2026-03-27 20:54:48,mldsa44-write-run1,peer1_blocks_per_sec,N/A
2026-03-27 20:54:48,mldsa44-write-run1,peer2_blocks_per_sec,N/A
2026-03-27 20:54:52,mldsa44-write-run1,peer1_block_height,N/A
2026-03-27 20:54:52,mldsa44-write-run1,peer2_block_height,N/A
2026-03-27 20:54:52,mldsa44-write-run1,peer1_block_count,N/A
2026-03-27 20:54:52,mldsa44-write-run1,peer2_block_count,N/A
2026-03-27 20:54:52,mldsa44-write-run1,peer1_avg_block_proc_s,N/A
2026-03-27 20:54:52,mldsa44-write-run1,peer2_avg_block_proc_s,N/A
2026-03-27 20:54:52,mldsa44-write-run1,peer1_blocks_per_sec,N/A
2026-03-27 20:54:52,mldsa44-write-run1,peer2_blocks_per_sec,N/A
2026-03-27 21:09:08,mldsa44-write-run1,peer1_block_height,29999
2026-03-27 21:09:08,mldsa44-write-run1,peer2_block_height,29999
2026-03-27 21:09:08,mldsa44-write-run1,peer1_block_count,29999
2026-03-27 21:09:08,mldsa44-write-run1,peer2_block_count,29999
2026-03-27 21:09:08,mldsa44-write-run1,peer1_avg_block_proc_s,NaN
2026-03-27 21:09:08,mldsa44-write-run1,peer2_avg_block_proc_s,NaN
2026-03-27 21:09:08,mldsa44-write-run1,peer1_blocks_per_sec,0
2026-03-27 21:09:08,mldsa44-write-run1,peer2_blocks_per_sec,0
2026-03-27 21:40:16,mldsa44-write-run1,peer1_block_height,59348
2026-03-27 21:40:16,mldsa44-write-run1,peer2_block_height,59348
2026-03-27 21:40:16,mldsa44-write-run1,peer1_block_count,59348
2026-03-27 21:40:16,mldsa44-write-run1,peer2_block_count,59348
2026-03-27 21:40:16,mldsa44-write-run1,peer1_avg_block_proc_s,0.0019690943995771515
2026-03-27 21:40:16,mldsa44-write-run1,peer2_avg_block_proc_s,0.0019104147323669824
2026-03-27 21:40:16,mldsa44-write-run1,peer1_blocks_per_sec,16.337467932022854
2026-03-27 21:40:16,mldsa44-write-run1,peer2_blocks_per_sec,16.334134441291265
2026-03-27 23:19:26,unlabelled,peer1_block_height,31174
2026-03-27 23:19:26,unlabelled,peer2_block_height,31174
2026-03-27 23:19:26,unlabelled,peer1_block_count,31174
2026-03-27 23:19:26,unlabelled,peer2_block_count,31174
2026-03-27 23:19:26,unlabelled,peer1_avg_block_proc_s,0.001624775314225956
2026-03-27 23:19:26,unlabelled,peer2_avg_block_proc_s,0.0016028404317520633
2026-03-27 23:19:26,unlabelled,peer1_blocks_per_sec,17.046806154209555
2026-03-27 23:19:26,unlabelled,peer2_blocks_per_sec,17.040092434437398
2026-03-27 23:31:52,unlabelled,peer1_block_height,6
2026-03-27 23:31:52,unlabelled,peer2_block_height,6
2026-03-27 23:31:52,unlabelled,peer1_block_count,6
2026-03-27 23:31:52,unlabelled,peer2_block_count,6
2026-03-27 23:31:52,unlabelled,peer1_avg_block_proc_s,0.001722402974130528
2026-03-27 23:31:52,unlabelled,peer2_avg_block_proc_s,0.0017053532549377536
2026-03-27 23:31:52,unlabelled,peer1_blocks_per_sec,10.379730334249377
2026-03-27 23:31:52,unlabelled,peer2_blocks_per_sec,10.379741899183026
2026-03-28 00:05:33,unlabelled,peer1_block_height,31290
2026-03-28 00:05:33,unlabelled,peer2_block_height,31290
2026-03-28 00:05:33,unlabelled,peer1_block_count,31290
2026-03-28 00:05:33,unlabelled,peer2_block_count,31290
2026-03-28 00:05:33,unlabelled,peer1_avg_block_proc_s,0.001622386531738722
2026-03-28 00:05:33,unlabelled,peer2_avg_block_proc_s,0.0015911652239649634
2026-03-28 00:05:33,unlabelled,peer1_blocks_per_sec,17.390412613556272
2026-03-28 00:05:33,unlabelled,peer2_blocks_per_sec,17.41735460965642
2026-03-28 11:24:12,unlabelled,peer1_block_height,31205
2026-03-28 11:24:12,unlabelled,peer2_block_height,31205
2026-03-28 11:24:12,unlabelled,peer1_block_count,31205
2026-03-28 11:24:12,unlabelled,peer2_block_count,31205
2026-03-28 11:24:12,unlabelled,peer1_avg_block_proc_s,0.001607838554539359
2026-03-28 11:24:12,unlabelled,peer2_avg_block_proc_s,0.0015429834034970265
2026-03-28 11:24:12,unlabelled,peer1_blocks_per_sec,17.37634988889508
2026-03-28 11:24:12,unlabelled,peer2_blocks_per_sec,17.354922228251038
2026-03-29 00:55:00,unlabelled,peer1_block_height,26816
2026-03-29 00:55:00,unlabelled,peer2_block_height,26816
2026-03-29 00:55:00,unlabelled,peer1_block_count,26816
2026-03-29 00:55:00,unlabelled,peer2_block_count,26816
2026-03-29 00:55:00,unlabelled,peer1_avg_block_proc_s,0.0017443756244148964
2026-03-29 00:55:00,unlabelled,peer2_avg_block_proc_s,0.0016859052967292802
2026-03-29 00:55:00,unlabelled,peer1_blocks_per_sec,8.926248563404888
2026-03-29 00:55:00,unlabelled,peer2_blocks_per_sec,8.959116856810674
2026-03-29 03:26:24,unlabelled,peer1_block_height,19022
2026-03-29 03:26:24,unlabelled,peer2_block_height,19022
2026-03-29 03:26:24,unlabelled,peer1_block_count,19022
2026-03-29 03:26:24,unlabelled,peer2_block_count,19022
2026-03-29 03:26:24,unlabelled,peer1_avg_block_proc_s,0.0015604511176470605
2026-03-29 03:26:24,unlabelled,peer2_avg_block_proc_s,0.0022943628444445432
2026-03-29 03:26:24,unlabelled,peer1_blocks_per_sec,0.02891360296723548
2026-03-29 03:26:24,unlabelled,peer2_blocks_per_sec,0.0255899292918025
2026-03-29 06:26:42,unlabelled,peer1_block_height,27209
2026-03-29 06:26:42,unlabelled,peer2_block_height,27209
2026-03-29 06:26:42,unlabelled,peer1_block_count,27209
2026-03-29 06:26:42,unlabelled,peer2_block_count,27209
2026-03-29 06:26:42,unlabelled,peer1_avg_block_proc_s,0.00170553805728274
2026-03-29 06:26:42,unlabelled,peer2_avg_block_proc_s,0.001630377351200323
2026-03-29 06:26:42,unlabelled,peer1_blocks_per_sec,9.102927142600084
2026-03-29 06:26:42,unlabelled,peer2_blocks_per_sec,9.073391014852685
2026-03-29 09:48:15,unlabelled,peer1_block_height,27003
2026-03-29 09:48:15,unlabelled,peer2_block_height,27003
2026-03-29 09:48:15,unlabelled,peer1_block_count,27003
2026-03-29 09:48:15,unlabelled,peer2_block_count,27003
2026-03-29 09:48:15,unlabelled,peer1_avg_block_proc_s,0.0016707067702594319
2026-03-29 09:48:15,unlabelled,peer2_avg_block_proc_s,0.0016485391184994055
2026-03-29 09:48:15,unlabelled,peer1_blocks_per_sec,9.040327985572914
2026-03-29 09:48:15,unlabelled,peer2_blocks_per_sec,9.073760025315384
2026-03-29 22:06:50,unlabelled,peer1_block_height,29639
2026-03-29 22:06:50,unlabelled,peer2_block_height,29639
2026-03-29 22:06:50,unlabelled,peer1_block_count,29639
2026-03-29 22:06:50,unlabelled,peer2_block_count,29639
2026-03-29 22:06:50,unlabelled,peer1_avg_block_proc_s,0.001951473486366558
2026-03-29 22:06:50,unlabelled,peer2_avg_block_proc_s,0.001852968538622497
2026-03-29 22:06:50,unlabelled,peer1_blocks_per_sec,16.48755411326959
2026-03-29 22:06:50,unlabelled,peer2_blocks_per_sec,16.46722090894651
2026-03-29 22:46:03,unlabelled,peer1_block_height,29796
2026-03-29 22:46:03,unlabelled,peer2_block_height,29796
2026-03-29 22:46:03,unlabelled,peer1_block_count,29796
2026-03-29 22:46:03,unlabelled,peer2_block_count,29796
2026-03-29 22:46:03,unlabelled,peer1_avg_block_proc_s,0.0019610804912722447
2026-03-29 22:46:03,unlabelled,peer2_avg_block_proc_s,0.0018686426583436506
2026-03-29 22:46:03,unlabelled,peer1_blocks_per_sec,16.553720581713808
2026-03-29 22:46:03,unlabelled,peer2_blocks_per_sec,16.579361942120205
2026-03-29 23:21:06,unlabelled,peer1_block_height,29495
2026-03-29 23:21:06,unlabelled,peer2_block_height,29495
2026-03-29 23:21:06,unlabelled,peer1_block_count,29495
2026-03-29 23:21:06,unlabelled,peer2_block_count,29495
2026-03-29 23:21:06,unlabelled,peer1_avg_block_proc_s,0.001990168100178663
2026-03-29 23:21:06,unlabelled,peer2_avg_block_proc_s,0.0018930457770061704
2026-03-29 23:21:06,unlabelled,peer1_blocks_per_sec,16.41016093681502
2026-03-29 23:21:06,unlabelled,peer2_blocks_per_sec,16.389926225776858
2026-03-30 20:03:13,unlabelled,peer1_block_height,29177
2026-03-30 20:03:13,unlabelled,peer2_block_height,29177
2026-03-30 20:03:13,unlabelled,peer1_block_count,29177
2026-03-30 20:03:13,unlabelled,peer2_block_count,29177
2026-03-30 20:03:13,unlabelled,peer1_avg_block_proc_s,0.0020222322472599513
2026-03-30 20:03:13,unlabelled,peer2_avg_block_proc_s,0.0018900024718579427
2026-03-30 20:03:13,unlabelled,peer1_blocks_per_sec,16.25117683432958
2026-03-30 20:03:13,unlabelled,peer2_blocks_per_sec,16.231644596651446
2026-03-30 20:37:01,unlabelled,peer1_block_height,30028
2026-03-30 20:37:01,unlabelled,peer2_block_height,30028
2026-03-30 20:37:01,unlabelled,peer1_block_count,30028
2026-03-30 20:37:01,unlabelled,peer2_block_count,30028
2026-03-30 20:37:01,unlabelled,peer1_avg_block_proc_s,0.001961121444876867
2026-03-30 20:37:01,unlabelled,peer2_avg_block_proc_s,0.001822504061869104
2026-03-30 20:37:01,unlabelled,peer1_blocks_per_sec,16.71197115879229
2026-03-30 20:37:01,unlabelled,peer2_blocks_per_sec,16.6913810619548
2026-03-30 20:41:04,unlabelled,peer1_block_height,6
2026-03-30 20:41:04,unlabelled,peer2_block_height,6
2026-03-30 20:41:04,unlabelled,peer1_block_count,6
2026-03-30 20:41:04,unlabelled,peer2_block_count,6
2026-03-30 20:41:04,unlabelled,peer1_avg_block_proc_s,0.002001142036729668
2026-03-30 20:41:04,unlabelled,peer2_avg_block_proc_s,0.0018578729663387252
2026-03-30 20:41:04,unlabelled,peer1_blocks_per_sec,16.244577295029135
2026-03-30 20:41:04,unlabelled,peer2_blocks_per_sec,16.252376742271167
2026-03-30 23:12:28,unlabelled,peer1_block_height,26186
2026-03-30 23:12:28,unlabelled,peer2_block_height,26186
2026-03-30 23:12:28,unlabelled,peer1_block_count,26186
2026-03-30 23:12:28,unlabelled,peer2_block_count,26186
2026-03-30 23:12:28,unlabelled,peer1_avg_block_proc_s,0.0020979246666449655
2026-03-30 23:12:28,unlabelled,peer2_avg_block_proc_s,0.001987868437605278
2026-03-30 23:12:28,unlabelled,peer1_blocks_per_sec,8.568459933535937
2026-03-30 23:12:28,unlabelled,peer2_blocks_per_sec,8.598544253198547
2026-03-31 00:29:31,unlabelled,peer1_block_height,26194
2026-03-31 00:29:31,unlabelled,peer2_block_height,26194
2026-03-31 00:29:31,unlabelled,peer1_block_count,26194
2026-03-31 00:29:31,unlabelled,peer2_block_count,26194
2026-03-31 00:29:31,unlabelled,peer1_avg_block_proc_s,0.002030041414772745
2026-03-31 00:29:31,unlabelled,peer2_avg_block_proc_s,0.0019846094553403787
2026-03-31 00:29:31,unlabelled,peer1_blocks_per_sec,8.628719909790657
2026-03-31 00:29:31,unlabelled,peer2_blocks_per_sec,8.601430470423981
2026-03-31 13:31:25,unlabelled,peer1_block_height,26019
2026-03-31 13:31:25,unlabelled,peer2_block_height,26019
2026-03-31 13:31:25,unlabelled,peer1_block_count,26019
2026-03-31 13:31:25,unlabelled,peer2_block_count,26019
2026-03-31 13:31:25,unlabelled,peer1_avg_block_proc_s,0.002099070396967692
2026-03-31 13:31:25,unlabelled,peer2_avg_block_proc_s,0.0019970757929992865
2026-03-31 13:31:25,unlabelled,peer1_blocks_per_sec,8.451375897366757
2026-03-31 13:31:25,unlabelled,peer2_blocks_per_sec,8.483145410148689
2026-03-31 15:06:40,./measure-ledger.sh,peer1_block_height,32315
2026-03-31 15:06:40,./measure-ledger.sh,peer2_block_height,32315
2026-03-31 15:06:40,./measure-ledger.sh,peer1_block_count,32315
2026-03-31 15:06:40,./measure-ledger.sh,peer2_block_count,32315
2026-03-31 15:06:40,./measure-ledger.sh,peer1_avg_block_proc_s,0.0012197028256823639
2026-03-31 15:06:40,./measure-ledger.sh,peer2_avg_block_proc_s,0.001199302228273672
2026-03-31 15:06:40,./measure-ledger.sh,peer1_blocks_per_sec,17.972539100010344
2026-03-31 15:06:40,./measure-ledger.sh,peer2_blocks_per_sec,18.000360908556935
2026-03-31 15:40:49,unlabelled,peer1_block_height,32295
2026-03-31 15:40:49,unlabelled,peer2_block_height,32295
2026-03-31 15:40:49,unlabelled,peer1_block_count,32295
2026-03-31 15:40:49,unlabelled,peer2_block_count,32295
2026-03-31 15:40:49,unlabelled,peer1_avg_block_proc_s,0.0012275805239040259
2026-03-31 15:40:49,unlabelled,peer2_avg_block_proc_s,0.001206521364982966
2026-03-31 15:40:49,unlabelled,peer1_blocks_per_sec,17.948982547915243
2026-03-31 15:40:49,unlabelled,peer2_blocks_per_sec,17.97677691959576
2026-03-31 16:15:33,unlabelled,peer1_block_height,32271
2026-03-31 16:15:33,unlabelled,peer2_block_height,32271
2026-03-31 16:15:33,unlabelled,peer1_block_count,32271
2026-03-31 16:15:33,unlabelled,peer2_block_count,32271
2026-03-31 16:15:33,unlabelled,peer1_avg_block_proc_s,0.001226852327148835
2026-03-31 16:15:33,unlabelled,peer2_avg_block_proc_s,0.0012219163997640532
2026-03-31 16:15:33,unlabelled,peer1_blocks_per_sec,17.975319214816373
2026-03-31 16:15:33,unlabelled,peer2_blocks_per_sec,17.95317944135705
2026-03-31 17:32:46,unlabelled,peer1_block_height,28107
2026-03-31 17:32:46,unlabelled,peer2_block_height,28107
2026-03-31 17:32:46,unlabelled,peer1_block_count,28107
2026-03-31 17:32:46,unlabelled,peer2_block_count,28107
2026-03-31 17:32:46,unlabelled,peer1_avg_block_proc_s,0.0013062925648083179
2026-03-31 17:32:46,unlabelled,peer2_avg_block_proc_s,0.0012491367064306077
2026-03-31 17:32:46,unlabelled,peer1_blocks_per_sec,9.532998928150425
2026-03-31 17:32:46,unlabelled,peer2_blocks_per_sec,9.503488809348058
2026-03-31 19:11:52,unlabelled,peer1_block_height,28147
2026-03-31 19:11:52,unlabelled,peer2_block_height,28147
2026-03-31 19:11:52,unlabelled,peer1_block_count,28147
2026-03-31 19:11:52,unlabelled,peer2_block_count,28147
2026-03-31 19:11:52,unlabelled,peer1_avg_block_proc_s,0.0013052706577309995
2026-03-31 19:11:52,unlabelled,peer2_avg_block_proc_s,0.00125372694674211
2026-03-31 19:11:52,unlabelled,peer1_blocks_per_sec,9.580154479085714
2026-03-31 19:11:52,unlabelled,peer2_blocks_per_sec,9.550066682784921
2026-03-31 20:29:37,unlabelled,peer1_block_height,28226
2026-03-31 20:29:37,unlabelled,peer2_block_height,28226
2026-03-31 20:29:37,unlabelled,peer1_block_count,28226
2026-03-31 20:29:37,unlabelled,peer2_block_count,28226
2026-03-31 20:29:37,unlabelled,peer1_avg_block_proc_s,0.0012859660518695093
2026-03-31 20:29:37,unlabelled,peer2_avg_block_proc_s,0.0012670085020710484
2026-03-31 20:29:37,unlabelled,peer1_blocks_per_sec,9.580677527776277
2026-03-31 20:29:37,unlabelled,peer2_blocks_per_sec,9.54947918262564
2026-03-31 23:32:32,unlabelled,peer1_block_height,30968
2026-03-31 23:32:32,unlabelled,peer2_block_height,30968
2026-03-31 23:32:32,unlabelled,peer1_block_count,30968
2026-03-31 23:32:32,unlabelled,peer2_block_count,30968
2026-03-31 23:32:32,unlabelled,peer1_avg_block_proc_s,0.0015942071083761397
2026-03-31 23:32:32,unlabelled,peer2_avg_block_proc_s,0.0015532221258481946
2026-03-31 23:32:32,unlabelled,peer1_blocks_per_sec,17.219548059339594
2026-03-31 23:32:32,unlabelled,peer2_blocks_per_sec,17.246247793606617
2026-04-01 00:12:16,unlabelled,peer1_block_height,30926
2026-04-01 00:12:16,unlabelled,peer2_block_height,30926
2026-04-01 00:12:16,unlabelled,peer1_block_count,30926
2026-04-01 00:12:16,unlabelled,peer2_block_count,30926
2026-04-01 00:12:16,unlabelled,peer1_avg_block_proc_s,0.0016196230677562702
2026-04-01 00:12:16,unlabelled,peer2_avg_block_proc_s,0.0015552120362373682
2026-04-01 00:12:16,unlabelled,peer1_blocks_per_sec,17.18235534090372
2026-04-01 00:12:16,unlabelled,peer2_blocks_per_sec,17.20896271646867
2026-04-01 00:45:39,unlabelled,peer1_block_height,30853
2026-04-01 00:45:39,unlabelled,peer2_block_height,30853
2026-04-01 00:45:39,unlabelled,peer1_block_count,30853
2026-04-01 00:45:39,unlabelled,peer2_block_count,30853
2026-04-01 00:45:39,unlabelled,peer1_avg_block_proc_s,0.0015951329530601653
2026-04-01 00:45:39,unlabelled,peer2_avg_block_proc_s,0.001574546537977179
2026-04-01 00:45:39,unlabelled,peer1_blocks_per_sec,17.171186119266522
2026-04-01 00:45:39,unlabelled,peer2_blocks_per_sec,17.150027366648214
2026-04-01 02:33:46,unlabelled,peer1_block_height,27267
2026-04-01 02:33:46,unlabelled,peer2_block_height,27267
2026-04-01 02:33:46,unlabelled,peer1_block_count,27267
2026-04-01 02:33:46,unlabelled,peer2_block_count,27267
2026-04-01 02:33:46,unlabelled,peer1_avg_block_proc_s,0.001670707026653644
2026-04-01 02:33:46,unlabelled,peer2_avg_block_proc_s,0.0016317983859231934
2026-04-01 02:33:46,unlabelled,peer1_blocks_per_sec,9.11307669123673
2026-04-01 02:33:46,unlabelled,peer2_blocks_per_sec,9.142025629983614
2026-04-01 14:45:54,unlabelled,peer1_block_height,27308
2026-04-01 14:45:54,unlabelled,peer2_block_height,27308
2026-04-01 14:45:54,unlabelled,peer1_block_count,27308
2026-04-01 14:45:54,unlabelled,peer2_block_count,27308
2026-04-01 14:45:54,unlabelled,peer1_avg_block_proc_s,0.0016866735175038118
2026-04-01 14:45:54,unlabelled,peer2_avg_block_proc_s,0.001601507861776206
2026-04-01 14:45:54,unlabelled,peer1_blocks_per_sec,9.15031587391784
2026-04-01 14:45:54,unlabelled,peer2_blocks_per_sec,9.12080498401965
2026-04-01 16:06:54,unlabelled,peer1_block_height,27130
2026-04-01 16:06:54,unlabelled,peer2_block_height,27130
2026-04-01 16:06:54,unlabelled,peer1_block_count,27130
2026-04-01 16:06:54,unlabelled,peer2_block_count,27130
2026-04-01 16:06:54,unlabelled,peer1_avg_block_proc_s,0.0016836025810611768
2026-04-01 16:06:54,unlabelled,peer2_avg_block_proc_s,0.001618863509887274
2026-04-01 16:06:54,unlabelled,peer1_blocks_per_sec,9.071820809812094
2026-04-01 16:06:54,unlabelled,peer2_blocks_per_sec,9.043418772183061
2026-04-01 16:56:21,unlabelled,peer1_block_height,29633
2026-04-01 16:56:21,unlabelled,peer2_block_height,29633
2026-04-01 16:56:21,unlabelled,peer1_block_count,29633
2026-04-01 16:56:21,unlabelled,peer2_block_count,29633
2026-04-01 16:56:21,unlabelled,peer1_avg_block_proc_s,0.0019387002906132913
2026-04-01 16:56:21,unlabelled,peer2_avg_block_proc_s,0.0018110350815681785
2026-04-01 16:56:21,unlabelled,peer1_blocks_per_sec,16.46439165197441
2026-04-01 16:56:21,unlabelled,peer2_blocks_per_sec,16.489911037708623
2026-04-01 17:36:06,unlabelled,peer1_block_height,29985
2026-04-01 17:36:06,unlabelled,peer2_block_height,29985
2026-04-01 17:36:06,unlabelled,peer1_block_count,29985
2026-04-01 17:36:06,unlabelled,peer2_block_count,29985
2026-04-01 17:36:06,unlabelled,peer1_avg_block_proc_s,0.0019181019971170174
2026-04-01 17:36:06,unlabelled,peer2_avg_block_proc_s,0.0018219698715014622
2026-04-01 17:36:06,unlabelled,peer1_blocks_per_sec,16.66253661318541
2026-04-01 17:36:06,unlabelled,peer2_blocks_per_sec,16.68833154220807
2026-04-01 18:41:10,unlabelled,peer1_block_height,29953
2026-04-01 18:41:10,unlabelled,peer2_block_height,29953
2026-04-01 18:41:10,unlabelled,peer1_block_count,29953
2026-04-01 18:41:10,unlabelled,peer2_block_count,29953
2026-04-01 18:41:10,unlabelled,peer1_avg_block_proc_s,0.0019411641425079549
2026-04-01 18:41:10,unlabelled,peer2_avg_block_proc_s,0.0018187170027674949
2026-04-01 18:41:10,unlabelled,peer1_blocks_per_sec,16.68030767728537
2026-04-01 18:41:10,unlabelled,peer2_blocks_per_sec,16.659731810296513
2026-04-01 19:59:23,unlabelled,peer1_block_height,26393
2026-04-01 19:59:23,unlabelled,peer2_block_height,26393
2026-04-01 19:59:23,unlabelled,peer1_block_count,26393
2026-04-01 19:59:23,unlabelled,peer2_block_count,26393
2026-04-01 19:59:23,unlabelled,peer1_avg_block_proc_s,0.0020076487987730936
2026-04-01 19:59:23,unlabelled,peer2_avg_block_proc_s,0.0019511403386104542
2026-04-01 19:59:23,unlabelled,peer1_blocks_per_sec,8.717731885595994
2026-04-01 19:59:23,unlabelled,peer2_blocks_per_sec,8.69155884851608
2026-04-01 21:36:37,unlabelled,peer1_block_height,25841
2026-04-01 21:36:37,unlabelled,peer2_block_height,25841
2026-04-01 21:36:37,unlabelled,peer1_block_count,25841
2026-04-01 21:36:37,unlabelled,peer2_block_count,25841
2026-04-01 21:36:37,unlabelled,peer1_avg_block_proc_s,0.0020755640053867035
2026-04-01 21:36:37,unlabelled,peer2_avg_block_proc_s,0.0019617639239994785
2026-04-01 21:36:37,unlabelled,peer1_blocks_per_sec,8.377602157217234
2026-04-01 21:36:37,unlabelled,peer2_blocks_per_sec,8.408244447477722
2026-04-01 22:58:14,unlabelled,peer1_block_height,26531
2026-04-01 22:58:14,unlabelled,peer2_block_height,26531
2026-04-01 22:58:14,unlabelled,peer1_block_count,26531
2026-04-01 22:58:14,unlabelled,peer2_block_count,26531
2026-04-01 22:58:14,unlabelled,peer1_avg_block_proc_s,0.0020335287022629077
2026-04-01 22:58:14,unlabelled,peer2_avg_block_proc_s,0.0019377884014924718
2026-04-01 22:58:14,unlabelled,peer1_blocks_per_sec,8.764408878727256
2026-04-01 22:58:14,unlabelled,peer2_blocks_per_sec,8.734887068757082
2026-04-01 23:33:59,unlabelled,peer1_block_height,32435
2026-04-01 23:33:59,unlabelled,peer2_block_height,32435
2026-04-01 23:33:59,unlabelled,peer1_block_count,32435
2026-04-01 23:33:59,unlabelled,peer2_block_count,32435
2026-04-01 23:33:59,unlabelled,peer1_avg_block_proc_s,0.0012290747685204475
2026-04-01 23:33:59,unlabelled,peer2_avg_block_proc_s,0.0011854902878318482
2026-04-01 23:33:59,unlabelled,peer1_blocks_per_sec,18.050260451050466
2026-04-01 23:33:59,unlabelled,peer2_blocks_per_sec,18.02800668166888
2026-04-02 00:09:30,unlabelled,peer1_block_height,30575
2026-04-02 00:09:30,unlabelled,peer2_block_height,30575
2026-04-02 00:09:30,unlabelled,peer1_block_count,30575
2026-04-02 00:09:30,unlabelled,peer2_block_count,30575
2026-04-02 00:09:30,unlabelled,peer1_avg_block_proc_s,0.001259820414747998
2026-04-02 00:09:30,unlabelled,peer2_avg_block_proc_s,0.0012445915831735342
2026-04-02 00:09:30,unlabelled,peer1_blocks_per_sec,17.021781883788176
2026-04-02 00:09:30,unlabelled,peer2_blocks_per_sec,17.000786258798264
2026-04-02 00:50:29,unlabelled,peer1_block_height,32236
2026-04-02 00:50:29,unlabelled,peer2_block_height,32236
2026-04-02 00:50:29,unlabelled,peer1_block_count,32236
2026-04-02 00:50:29,unlabelled,peer2_block_count,32236
2026-04-02 00:50:29,unlabelled,peer1_avg_block_proc_s,0.0012099182859505533
2026-04-02 00:50:29,unlabelled,peer2_avg_block_proc_s,0.0012045693706094775
2026-04-02 00:50:29,unlabelled,peer1_blocks_per_sec,17.935894677563727
2026-04-02 00:50:29,unlabelled,peer2_blocks_per_sec,17.913797226618748
2026-04-02 01:23:21,unlabelled,peer1_block_height,32129
2026-04-02 01:23:21,unlabelled,peer2_block_height,32129
2026-04-02 01:23:21,unlabelled,peer1_block_count,32129
2026-04-02 01:23:21,unlabelled,peer2_block_count,32129
2026-04-02 01:23:21,unlabelled,peer1_avg_block_proc_s,0.0012288018645656863
2026-04-02 01:23:21,unlabelled,peer2_avg_block_proc_s,0.0012121551107477585
2026-04-02 01:23:21,unlabelled,peer1_blocks_per_sec,17.89896867738914
2026-04-02 01:23:21,unlabelled,peer2_blocks_per_sec,17.87679729200742
2026-04-02 02:40:04,unlabelled,peer1_block_height,28186
2026-04-02 02:40:04,unlabelled,peer2_block_height,28186
2026-04-02 02:40:04,unlabelled,peer1_block_count,28186
2026-04-02 02:40:04,unlabelled,peer2_block_count,28186
2026-04-02 02:40:04,unlabelled,peer1_avg_block_proc_s,0.0012832313483856156
2026-04-02 02:40:04,unlabelled,peer2_avg_block_proc_s,0.001237883282540435
2026-04-02 02:40:04,unlabelled,peer1_blocks_per_sec,9.610627791098791
2026-04-02 02:40:04,unlabelled,peer2_blocks_per_sec,9.578883447818649
2026-04-02 11:20:56,unlabelled,peer1_block_height,28106
2026-04-02 11:20:56,unlabelled,peer2_block_height,28106
2026-04-02 11:20:56,unlabelled,peer1_block_count,28106
2026-04-02 11:20:56,unlabelled,peer2_block_count,28106
2026-04-02 11:20:56,unlabelled,peer1_avg_block_proc_s,0.0012867180011140289
2026-04-02 11:20:56,unlabelled,peer2_avg_block_proc_s,0.0012303168123831562
2026-04-02 11:20:56,unlabelled,peer1_blocks_per_sec,9.501308066334785
2026-04-02 11:20:56,unlabelled,peer2_blocks_per_sec,9.537508816067586
2026-04-02 12:42:40,unlabelled,peer1_block_height,27865
2026-04-02 12:42:40,unlabelled,peer2_block_height,27865
2026-04-02 12:42:40,unlabelled,peer1_block_count,27865
2026-04-02 12:42:40,unlabelled,peer2_block_count,27865
2026-04-02 12:42:40,unlabelled,peer1_avg_block_proc_s,0.0012912625351376645
2026-04-02 12:42:40,unlabelled,peer2_avg_block_proc_s,0.0012344861757465117
2026-04-02 12:42:40,unlabelled,peer1_blocks_per_sec,9.488967327601959
2026-04-02 12:42:40,unlabelled,peer2_blocks_per_sec,9.458884298441477
