timestamp,label,peer1_ledger_bytes,peer2_ledger_bytes,total_bytes
2026-03-17 08:58:18,ecdsa-write-run1,1693487505,1693487629,3386975134
2026-03-17 14:12:54,ecdsa-mixed-run1,3565407855,3565408318,7130816173
2026-03-17 14:46:57,ecdsa-write-run2,1697176640,1697176958,3394353598
2026-03-17 18:35:25,ecdsa-mixed-run2,3118317479,3118317308,6236634787
2026-03-17 19:44:30,ecdsa-write-run3,1678317988,1678318044,3356636032
2026-03-17 22:11:21,ecdsa-mixed-run3,3113543302,3113543088,6227086390
2026-03-18 06:31:43,ecdsa-mixed-run3,4537191108,4537190988,9074382096
2026-03-18 07:41:38,ecdsa-write-run3,1683909734,1683909834,3367819568
2026-03-18 10:25:19,ecdsa-write-prometheus,1612959233,1612959074,3225918307
2026-03-18 11:50:32,ecdsa-mixed-prometheus,3031052725,3031052458,6062105183
2026-03-19 12:50:17,mldsa65-write-run1,1683609382,1683609274,3367218656
2026-03-19 17:59:28,mldsa65-write-run2,1719113055,1719112844,3438225899
2026-03-19 18:32:43,mldsa65-write-run2,1615902037,1615900353,3231802390
2026-03-19 19:27:51,mldsa65-write-run3,1633280650,1633280745,3266561395
2026-03-20 00:22:14,mldsa65-mixed-run1,3005371143,3005371111,6010742254
2026-03-20 01:41:26,mldsa65-mixed-run2,4391778144,4391776125,8783554269
2026-03-20 03:01:28,mldsa65-mixed-run3,5776825814,5776825734,11553651548
2026-03-20 08:59:58,mldsa44-write-run1,1648344476,1648344801,3296689277
2026-03-20 09:57:25,mldsa44-write-run2,1637895414,1637896636,3275792050
2026-03-20 10:49:55,mldsa44-write-run3,1613183862,1613183633,3226367495
2026-03-20 15:28:52,mldsa44-mixed-run1,204128,204128,408256
2026-03-20 19:45:06,mldsa44-mixed-run1,1412052556,1412052374,2824104930
2026-03-20 21:01:51,mldsa44-mixed-run2,2823772720,2823772735,5647545455
2026-03-21 01:16:04,mldsa44-mixed-run3,4231308985,4231308272,8462617257
2026-03-21 01:51:16,fndsa512-write-run1,1683333559,1683333503,3366667062
2026-03-21 20:32:32,fndsa512-write-run2,1661802628,1661802159,3323604787
2026-03-21 21:13:39,fndsa512-write-run3,1663362642,1663362808,3326725450
2026-03-21 23:24:11,fndsa512-mixed-run1,3069823838,3069822360,6139646198
2026-03-22 00:37:13,fndsa512-mixed-run2,4475491333,4475491703,8950983036
2026-03-22 01:50:17,fndsa512-mixed-run3,5886600961,5886601480,11773202441
2026-03-22 03:48:16,fndsa512-mixed-run3,7295562902,7295563332,14591126234
2026-03-22 16:30:44,fndsa512-mixed-run3,8699473227,8699473823,17398947050
2026-03-27 20:54:49,mldsa44-write-run1,7945020663,7945020659,15890041322
2026-03-27 20:54:53,mldsa44-write-run1,7945020663,7945020659,15890041322
2026-03-27 21:09:09,mldsa44-write-run1,7945020663,7945020659,15890041322
2026-03-27 21:40:17,mldsa44-write-run1,15720348766,15720347339,31440696105
2026-03-27 23:22:11,unlabelled,6104831231,6104830376,12209661607
2026-03-28 00:05:34,unlabelled,6127572720,6127572826,12255145546
2026-03-28 11:24:13,unlabelled,6111111914,6111112107,12222224021
2026-03-29 00:55:01,unlabelled,5104835532,5104835417,10209670949
2026-03-29 03:26:24,unlabelled,3598019569,3598019607,7196039176
2026-03-29 06:26:43,unlabelled,5179034909,5179035253,10358070162
2026-03-29 09:48:16,unlabelled,5138492101,5138492135,10276984236
2026-03-29 22:06:51,unlabelled,7640890187,7640890781,15281780968
2026-03-29 22:46:04,unlabelled,7680957315,7680957145,15361914460
2026-03-29 23:21:06,unlabelled,7605829499,7605828444,15211657943
2026-03-30 20:03:14,unlabelled,7521348643,7521348578,15042697221
2026-03-30 20:37:02,unlabelled,7741090685,7741090734,15482181419
2026-03-30 20:41:05,unlabelled,205121,205122,410243
2026-03-30 23:12:29,unlabelled,6560662337,6560662472,13121324809
2026-03-31 00:29:32,unlabelled,6562750074,6562749954,13125500028
2026-03-31 13:31:25,unlabelled,6517417298,6517417196,13034834494
2026-03-31 15:09:11,unlabelled,3138474369,3138474590,6276948959
2026-03-31 15:40:50,unlabelled,3136291669,3139563533,6275855202
2026-03-31 16:15:34,unlabelled,3134041976,3134041879,6268083855
2026-03-31 17:32:47,unlabelled,2655394704,2655394844,5310789548
2026-03-31 19:11:53,unlabelled,2659198132,2659198044,5318396176
2026-03-31 20:29:38,unlabelled,2663822038,2663821847,5327643885
2026-03-31 23:32:33,unlabelled,6064251894,6064251880,12128503774
2026-04-01 00:12:17,unlabelled,6055742309,6055742345,12111484654
2026-04-01 00:45:40,unlabelled,6041231701,6041229328,12082461029
2026-04-01 02:33:47,unlabelled,5190292118,5190292136,10380584254
2026-04-01 14:45:55,unlabelled,5198464106,5198464221,10396928327
2026-04-01 16:06:55,unlabelled,5163522890,5163523113,10327046003
2026-04-01 16:56:22,unlabelled,7641570138,7641569780,15283139918
2026-04-01 17:36:07,unlabelled,7732377905,7732377626,15464755531
2026-04-01 18:41:11,unlabelled,7723840664,7723840498,15447681162
2026-04-01 19:59:24,unlabelled,6614367116,6614367109,13228734225
2026-04-01 21:36:38,unlabelled,6470862812,6470862727,12941725539
2026-04-01 22:58:14,unlabelled,6649810532,6649809823,13299620355
2026-04-01 23:34:00,unlabelled,3147667805,3147667749,6295335554
2026-04-02 00:09:31,unlabelled,2966737654,2966738164,5933475818
2026-04-02 00:50:30,unlabelled,3127895706,3127896123,6255791829
2026-04-02 01:23:22,unlabelled,3119897085,3119896962,6239794047
2026-04-02 02:40:05,unlabelled,2663386378,2663386119,5326772497
2026-04-02 11:20:57,unlabelled,2653187364,2653187500,5306374864
2026-04-02 12:42:40,unlabelled,2632308669,2632308707,5264617376
